{"cameraMode":{"drawMode":0,"name":"Shaded","section":"Shading Mode"},"sceneLighting":false,"audioPlay":false,"sceneViewState":{"showFog":false,"showMaterialUpdate":false,"showSkybox":false,"showFlares":false,"showImageEffects":false,"showParticleSystems":false},"in2DMode":false,"pivot":{"x":1.6193268299102784,"y":3.410400390625,"z":57.739501953125},"rotation":{"x":-0.766261100769043,"y":0.0019261997658759356,"z":-0.0022968908306211235,"w":-0.6425224542617798},"size":332.5322265625,"orthographic":false}